client,rang,ms,statut
1,1,10.350,200
4,1,26.635,200
5,1,27.062,200
3,1,27.774,200
2,1,28.474,200
1,2,18.701,200
6,1,30.418,200
4,2,4.513,200
7,1,31.159,200
5,2,5.263,200
9,1,32.148,200
8,1,32.779,200
10,1,32.654,200
11,1,32.810,200
6,2,4.471,200
4,3,4.341,200
12,1,34.489,200
7,2,4.729,200
5,3,4.084,200
9,2,3.832,200
13,1,35.690,200
8,2,6.531,200
14,1,38.709,200
10,2,7.346,200
11,2,7.430,200
6,3,6.683,200
4,4,6.673,200
12,2,6.607,200
7,3,6.452,200
5,4,7.190,200
9,3,7.198,200
15,1,42.760,200
13,2,7.536,200
16,1,43.195,200
17,1,44.559,200
8,3,6.922,200
14,2,6.916,200
10,3,6.564,200
11,3,6.519,200
6,4,6.448,200
4,5,6.542,200
12,3,6.560,200
7,4,6.567,200
18,1,47.692,200
5,5,9.061,200
9,4,9.226,200
15,2,9.228,200
13,3,9.248,200
16,2,9.318,200
19,1,52.574,200
17,2,8.479,200
8,4,8.388,200
14,3,8.276,200
10,4,8.402,200
11,4,8.406,200
6,5,8.437,200
4,6,8.330,200
12,4,8.283,200
7,5,8.346,200
20,1,55.889,200
18,2,11.698,200
3,2,34.336,200
5,6,9.512,200
9,5,9.540,200
15,3,9.607,200
13,4,9.564,200
16,3,9.566,200
19,2,9.590,200
17,3,9.882,200
8,5,9.900,200
14,4,9.936,200
10,5,9.845,200
11,5,9.834,200
6,6,9.878,200
4,7,10.322,200
12,5,10.831,200
7,6,11.005,200
20,2,11.064,200
2,2,41.321,200
1,3,41.186,200
18,3,11.861,200
3,3,11.824,200
5,7,12.137,200
9,6,12.148,200
15,4,12.144,200
13,5,12.287,200
16,4,12.888,200
19,3,12.841,200
17,4,12.666,200
8,6,12.659,200
14,5,12.566,200
10,6,12.293,200
11,6,12.263,200
6,7,12.135,200
4,8,11.635,200
12,6,11.081,200
7,7,10.782,200
20,3,10.689,200
2,3,10.602,200
1,4,10.563,200
18,4,10.972,200
3,4,10.936,200
5,8,10.570,200
9,7,10.439,200
15,5,10.538,200
13,6,10.450,200
16,5,10.620,200
19,4,10.646,200
17,5,10.634,200
8,7,10.732,200
14,6,10.821,200
10,7,10.944,200
11,7,11.539,200
6,8,11.638,200
4,9,11.658,200
12,7,11.769,200
7,8,11.781,200
20,4,11.791,200
2,4,11.820,200
1,5,11.804,200
18,5,11.366,200
3,5,11.298,200
5,9,11.556,200
9,8,11.471,200
15,6,11.207,200
13,7,11.256,200
16,6,10.557,200
19,5,10.608,200
17,6,10.548,200
8,8,10.431,200
14,7,10.346,200
10,8,10.323,200
11,8,9.832,200
6,9,10.844,200
4,10,11.041,200
12,8,11.108,200
7,9,11.185,200
20,5,11.127,200
2,5,11.085,200
1,6,11.101,200
18,6,10.176,200
3,6,10.121,200
5,10,9.856,200
9,9,9.873,200
15,7,9.824,200
13,8,9.733,200
16,7,9.654,200
19,6,9.538,200
17,7,9.421,200
8,9,9.399,200
14,8,9.383,200
10,9,9.307,200
11,9,9.691,200
6,10,8.750,200
4,11,8.570,200
12,9,8.478,200
7,10,8.382,200
20,6,8.341,200
18,7,8.630,200
3,7,8.575,200
5,11,8.516,200
9,10,8.503,200
15,8,8.556,200
13,9,8.609,200
16,8,8.587,200
19,7,8.613,200
17,8,8.666,200
8,10,8.696,200
14,9,9.150,200
10,10,9.193,200
11,10,8.985,200
6,11,8.853,200
4,12,8.819,200
12,10,8.734,200
7,11,8.768,200
20,7,8.779,200
2,6,17.154,200
1,7,20.053,200
18,8,9.545,200
3,8,9.481,200
5,12,9.474,200
9,11,9.467,200
15,9,10.238,200
13,10,10.197,200
16,9,10.203,200
19,8,10.276,200
17,9,10.249,200
8,11,10.231,200
14,10,9.783,200
10,11,9.689,200
11,11,9.424,200
6,12,9.406,200
4,13,9.391,200
12,11,9.419,200
7,12,9.418,200
20,8,9.483,200
2,7,10.381,200
1,8,9.888,200
18,9,9.595,200
3,9,9.602,200
5,13,9.598,200
9,12,9.534,200
15,10,8.695,200
13,11,8.645,200
16,10,8.621,200
19,9,8.690,200
17,10,8.694,200
8,12,8.677,200
14,11,8.689,200
10,12,8.998,200
11,12,9.035,200
6,13,9.049,200
4,14,9.165,200
12,12,9.248,200
7,13,9.221,200
20,9,9.179,200
2,8,8.360,200
1,9,9.096,200
18,10,9.174,200
3,10,9.159,200
5,14,9.256,200
9,13,9.910,200
15,11,10.116,200
13,12,10.237,200
16,11,10.311,200
19,10,10.503,200
17,11,10.650,200
8,13,10.781,200
14,12,10.847,200
10,13,12.500,200
11,13,12.533,200
6,14,12.536,200
4,15,12.415,200
12,13,12.409,200
7,14,12.483,200
20,10,12.720,200
2,9,12.751,200
1,10,9.643,200
18,11,9.422,200
3,11,9.372,200
5,15,9.234,200
9,14,8.582,200
15,12,9.296,200
13,13,9.251,200
16,12,9.365,200
19,11,9.601,200
17,12,9.505,200
8,14,9.418,200
14,13,9.340,200
10,14,7.414,200
11,14,8.491,200
6,15,8.798,200
4,16,8.944,200
12,14,8.867,200
7,15,8.844,200
1,11,8.030,200
18,12,8.179,200
3,12,8.272,200
5,16,8.307,200
9,15,8.431,200
15,13,7.560,200
13,14,7.485,200
16,13,7.368,200
19,12,9.375,200
17,13,9.412,200
8,15,9.524,200
14,14,9.525,200
20,11,15.004,200
10,15,11.548,200
11,15,10.415,200
6,16,10.081,200
4,17,10.043,200
12,15,10.019,200
7,16,9.991,200
1,12,10.197,200
18,13,10.066,200
3,13,9.982,200
5,17,9.943,200
9,16,9.872,200
15,14,9.823,200
13,15,9.998,200
16,14,9.910,200
2,10,20.665,200
19,13,10.764,200
17,14,10.915,200
8,16,10.772,200
14,15,10.785,200
20,12,10.720,200
10,16,9.038,200
11,16,9.079,200
6,17,9.110,200
4,18,9.021,200
12,16,9.071,200
7,17,9.069,200
1,13,8.762,200
18,14,9.829,200
3,14,9.888,200
5,18,9.898,200
9,17,9.885,200
15,15,9.884,200
13,16,9.794,200
16,15,9.790,200
2,11,9.806,200
19,14,8.633,200
17,15,8.900,200
8,17,8.935,200
14,16,9.002,200
20,13,9.025,200
10,17,9.013,200
11,17,8.924,200
6,18,9.289,200
4,19,9.446,200
12,17,9.534,200
7,18,9.603,200
1,14,9.579,200
18,15,8.516,200
3,15,8.482,200
5,19,8.484,200
9,18,8.499,200
15,16,8.600,200
13,17,8.584,200
16,16,8.564,200
2,12,8.609,200
19,15,8.983,200
17,16,8.610,200
8,18,8.550,200
14,17,8.482,200
20,14,8.448,200
10,18,8.440,200
11,18,8.644,200
6,19,8.285,200
4,20,8.142,200
12,18,7.939,200
7,19,7.877,200
1,15,7.866,200
18,16,8.165,200
3,16,8.174,200
5,20,8.184,200
9,19,8.121,200
15,17,8.062,200
13,18,8.003,200
16,17,8.327,200
2,13,8.264,200
19,16,10.205,200
17,17,10.398,200
8,19,10.514,200
14,18,10.664,200
20,15,10.939,200
10,19,10.962,200
11,19,10.854,200
6,20,10.894,200
12,19,10.681,200
7,20,10.715,200
1,16,10.737,200
18,17,10.529,200
3,17,10.738,200
9,20,10.622,200
15,18,11.363,200
13,19,11.630,200
16,18,11.343,200
2,14,11.363,200
19,17,10.727,200
17,18,10.543,200
8,20,10.402,200
14,19,10.111,200
20,16,9.859,200
10,20,9.744,200
11,20,9.557,200
12,20,9.338,200
1,17,9.043,200
18,18,9.024,200
3,18,8.850,200
15,19,7.778,200
13,20,7.493,200
16,19,7.403,200
2,15,7.389,200
19,18,5.184,200
17,19,5.168,200
14,20,5.231,200
20,17,5.240,200
1,18,4.585,200
18,19,4.534,200
3,19,4.578,200
15,20,4.683,200
16,20,4.418,200
2,16,4.294,200
19,19,4.695,200
17,20,4.756,200
20,18,4.386,200
1,19,4.382,200
18,20,4.392,200
3,20,4.228,200
2,17,3.733,200
19,20,2.275,200
20,19,1.979,200
1,20,2.089,200
2,18,2.486,200
20,20,1.845,200
2,19,1.177,200
2,20,1.185,200